1276-1015-1-ND,1
1276-1020-1-ND,1
1276-1109-1-ND,1
1276-1153-1-ND,2
1276-1312-1-ND,5
1276-3063-1-ND,3
1276-3343-1-ND,3
1276-6455-1-ND,2
1276-6458-1-ND,4
1276-6470-1-ND,2
311-0.0ARCT-ND,1
311-1.00KCRCT-ND,1
311-1.00MCRCT-ND,1
311-1.00MLRCT-ND,2
311-10.0KCRCT-ND,7
311-100CRCT-ND,10
311-100KCRCT-ND,1
311-20.5KCRCT-ND,1
311-22.0KCRCT-ND,4
311-3.30KCRCT-ND,5
311-309KCRCT-ND,1
311-330CRCT-ND,2
311-487KCRCT-ND,1
311-49.9CRCT-ND,5
311-510CRCT-ND,1
311-511KCRCT-ND,1
3361P-103GLFCT-ND,1
36-5015CT-ND,19
36-5016CT-ND,5
36-5106CT-ND,1
36-9923-ND,4
490-1293-1-ND,2
490-6203-1-ND,4
497-14053-ND,1
497-1549-1-ND,1
535-9166-1-ND,2
568-5818-1-ND,2
587-2098-1-ND,1
587-2973-1-ND,1
587-3498-1-ND,30
609-3201-ND,1
609-3221-ND,1
609-3263-ND,1
609-3264-ND,1
638-1120-1-ND,1
706-1132-ND,1
732-2772-ND,1
732-4971-1-ND,3
732-4978-1-ND,3
732-5316-ND,1
732-5317-ND,1
732-7046-1-ND,3
887-1263-1-ND,1
CMPSH1-4 CT-ND,1
CMSH3-40MA TR13CT-ND,2
CRA6S833CT-ND,7
CRA6S849.9ACT-ND,5
CSR1206FK25L0CT-ND,1
LT3652HVIMSE#PBF-ND,1
LT8608IMSE#PBF-ND,1
LTC2055HMS8#PBF-ND,1
LTC2943IDD#PBF-ND,1
MCP79412-I/MS-ND,1
MMBT3904LT1GOSCT-ND,1
WM17452-ND,2
WM17454-ND,1
WSLC-.08CT-ND,1
,21
